
-- Level 0
INSERT INTO Address (addressId, country, province, zipCode, city, street, streetNumber, apartment) VALUES
	(default,'Austria', 'Vorarlberg', '6850', 'Dornbirn', 'Marktstraße', '30', null),
	(default,'Austria', 'Vorarlberg', '6800', 'Feldkirch', 'Kaiserstraße', '1', null),
	(default,'Austria', 'Tirol', '6020', 'Innsbruck', 'Dreiheiligenstraße ', '9', '3'),
	(default,'Austria', 'Vorarlberg', '6850', 'Dornbirn', 'Hochschulstraße', '3', null),
	(default,'Austria', 'Vorarlberg', '6751', 'Braz', 'Klostertalerstraße', '95', null),
	(default, 'Austria', 'Niederösterreich', '6900', 'Am Kreuz', 'Kirchengasse', '67', '9'),
	(default, 'Austria', 'Vorarlberg', '6800', 'Feldkirch', 'Bahnhofstraße', '79', '8'),
	(default, 'Austria', 'Vorarlberg', '6850', 'Dornbirn', 'Spitalgasse', '2', '1265'),
	(default, 'Liechtenstein', 'Vaduz', '40312', 'Vaduz', 'Fürstengasse', '666', '773'),
	(default, 'Switzerland', 'Zürich', '43292', 'Großkirchen', 'Siedlerweg', '7', '5'),
	(default, 'Germany', 'Hessen', '60437', 'Frankfurt am Main', 'Hauptstraße', '2a', null),
	(default, 'Germany', 'Hessen', '35440', 'Linden', 'Lindenstraße', '69', '2'),
	(default, 'Germany', 'Bayern', '80331', 'München', 'Allianzstraße', '37', null),
	(default, 'Germany', 'Bayern', '80331', 'München', 'Allianzstraße', '316', null),
	(default, 'Czech Republic', 'Hudlice', '267 03', 'Moret-sur-Loing', 'Basil', '3315', '83'),
	(default, 'China', 'Xiapu', null, 'Jinbo', 'Warbler', '39', '60'),
	(default, 'Bosnia and Herzegovina', 'Vares', null, 'Stonewall', 'Swallow', '19824', '63'),
	(default, 'Macedonia', 'Dobroste', '1225', 'Tukrah', 'Fordem', '1470', '46059'),
	(default, 'Indonesia', 'Karang Kulon', null, 'Manonjaya', 'Park Meadow', '8', '901'),
	(default, 'France', 'Nice', '06293', 'Boden', 'Warrior', '270', '39'),
	(default, 'Poland', 'BSczana Dolna', '34-730', 'Licupis', 'Oakridge', '2', '65'),
	(default, 'Brazil', 'Santaluz', '48880', 'Gluchow', 'Twin Pines', '4', '6'),
	(default, 'Thailand', 'Sena', '13110', 'Bent Jbail', 'Steensland', '00', '41402'),
	(default, 'Sweden', 'Smedjebacken', '77782', 'La Punta', 'Evergreen', '78', '58995'),
	(default, 'Indonesia', 'Panggungasri', null, 'Nova Petropolis', 'Armistice', '3', '415'),
	(default, 'Russia', 'Neftegorsk', '446600', 'Beloha', 'Pierstorff', '5', '608'),
	(default, 'Indonesia', 'Gandong', null, 'Maroa', 'Barby', '29', '8577'),
	(default, 'Philippines', 'Bairan', '4511', 'Nueve de Julio', 'Golf View', '19', '057'),
	(default, 'French Polynesia', 'Taunoa', null, 'La Calera', 'American', '3739', '77'),
	(default, 'China', 'Zhuangshi', null, 'Drammen', 'Vera', '653', '43663'),
	(default, 'China', 'Rende', null, 'Hutou', 'Anzinger', '26840', '28'),
	(default, 'Peru', 'Sangallaya', null, 'Xegar', 'Helena', '832', '77253'),
	(default, 'France', 'Paris 19', '75166', 'Chicago', 'Esch', '95244', '73841'),
	(default, 'China', 'Xiangdian', null, 'Outeiro', 'Mariners Cove', '15304', '10'),
	(default, 'Argentina', 'Valle Grande', '4513', 'Stari Bar', 'Parkside', '982', '61984'),
	(default, 'Thailand', 'Borabue', '44130', 'Gaoqiao', 'Old Gate', '9', '37651'),
	(default, 'Panama', 'Potrero Grande', null, 'Malata', 'Petterle', '3', '44624'),
	(default, 'Argentina', 'Rio Colorado', '8138', 'Ban Houayxay', 'Hansons', '80161', '14'),
	(default, 'Brazil', 'Botucatu', '18600', 'Hongshunli', 'Grasskamp', '501', '09'),
	(default, 'Philippines', 'Barong', '2913', 'Strellc i Ulet', 'Stephen', '75916', '572'),
	(default, 'Norway', 'Bodo', '8038', 'Campo Largo', 'Grim', '310', '0'),
	(default, 'United States', 'Houston', '77090', 'Linshi', 'New Castle', '1', '11'),
	(default, 'Argentina', 'Caleufu', '6387', 'Spanga', 'Longview', '4', '12'),
	(default, 'Indonesia', 'Cibitung', null, 'Hankazi', 'Gina', '9', '297'),
	(default, 'China', 'Youfang', null, 'Fort Smith', 'Southridge', '9', '67295'),
	(default, 'Poland', 'Stoszowice', '57-215', 'Oslo', 'Melvin', '94', '320'),
	(default, 'United States', 'Austin', '78715', 'Prakhon Chai', 'Rockefeller', '13833', '792'),
	(default, 'Chile', 'Lota', null, 'Broumov', 'Sunnyside', '3', '058'),
	(default, 'Portugal', 'Padre Nabeto', '295010', 'Antas', 'Old Gate', '77', '407'),
	(default, 'China', 'Xiapu', null, 'Luohuang', 'Kensington', '6077', '9'),
	(default, 'Somalia', 'Laascaanood', null, 'Uarini', 'Orin', '825', '9038'),
	(default, 'Peru', 'Viraco', null, 'Hostavice', 'Maple', '570', '262'),
	(default, 'Poland', 'Jemielno', '56-209', 'Kuncice pod Ondrejnikem', 'North', '04535', '6322'),
	(default, 'Philippines', 'Malasila', '5507', 'Saint Joseph', 'Emmet', '64835', '1'),
	(default, 'China', 'Qiaodi', null, 'Beutong Ateuh', 'Armistice', '6202', '472'),
	(default, 'Nigeria', 'Owode', null, 'Talacogon', 'Magdeline', '299', '94'),
	(default, 'United States', 'Richmond', '94807', 'Ngamba', 'Lighthouse Bay', '07', '78779'),
	(default, 'South Africa', 'Plettenberg Bay', '6606', 'Lahij', 'Toban', '58', '4'),
	(default, 'Mauritius', 'Notre Dame', null, 'Aoufous', 'Bonner', '41', '39'),
	(default, 'Indonesia', 'Wonopringgo', null, 'Xinglongquan', 'Rusk', '79', '30489'),
	(default, 'China', 'Qiligang', null, 'Bokaa', 'Arizona', '074', '61'),
	(default, 'Afghanistan', 'Baghlan', null, 'Arivonimamo', 'Stang', '1738', '41439'),
	(default, 'Philippines', 'Calinog', '5040', 'Vila Nova Sintra', 'Steensland', '787', '4207'),
	(default, 'Philippines', 'Burgos', '8424', 'Dallas', 'Almo', '5', '88731'),
	(default, 'Vietnam', 'Bu Dop', null, 'Suay', 'Riverside', '5', '37'),
	(default, 'Brazil', 'Cruz Alta', '98000', 'Nenotes', 'Ilene', '42', '6'),
	(default, 'Russia', 'Synya', '169645', 'Takamatsu-shi', 'Village', '69816', '3'),
	(default, 'Russia', 'Kukushtan', '614543', 'Trzciana', 'Rowland', '6033', '232'),
	(default, 'China', 'Zhenping Chengguanzhen', null, 'Aubervilliers', 'Manley', '787', '881'),
	(default, 'Indonesia', 'Gunung Timur', null, 'Hirosaki', 'Jay', '19', '6838'),
	(default,'Austria', 'Vorarlberg', '6833', 'Klaus', 'Oberes Ried', '1', null),
	(default,'Austria', 'Vorarlberg', '6973', 'Höchst', 'Industriestraße', '1', null),
	(default,'Austria', 'Vorarlberg', '6922', 'Wolfurt', 'Konrad-Doppelmayr-Straße', '1', null),
	(default,'Austria', 'Vorarlberg', '6900', 'Bregenz', 'Weidachstraße ', '6', null);


INSERT INTO CancelationPolicy (cancelationPolicyId, title) VALUES
	(default,'standard'),
	(default,'favored');


INSERT INTO ContractorType (contractorTypeId, description) VALUES
	(default,'company'),
	(default,'travel agency');


INSERT INTO TravelGroup (travelGroupId, name) VALUES
	(default,'Group 1'),
	(default,'Group 2'),
	(default,'Group 3'),
	(default,'Group 4'),
	(default,'Group 5'),
	(default,'Group 6'),
	(default,'Group 7'),
	(default,'Group 8'),
	(default,'Group 9'),
	(default,'Group 10'),
	(default,'Group 11'),
	(default,'Group 12'),
	(default,'Group 13'),
	(default,'Group 14'),
	(default,'Group 15'),
	(default,'Group 16'),
	(default,'Group 17'),
	(default,'Group 18'),
	(default,'Group 19'),
	(default,'Group 20');


INSERT INTO MerchandiseGroup (merchandiseGroupId, description, taxPercentageRate) VALUES
	(default,'groceries', 10.00),
	(default,'beverage', 20.00),
	(default,'overnight stay', 13.00),
	(default,'service', 20.00);


INSERT INTO OptionDescription (optionDescriptionId, description) VALUES
	(default,'confirmation'),
	(default,'deposit');


INSERT INTO OptionStatus (optionStatusCode, description) VALUES
	(1, 'pending'),
	(2, 'confirmed'),
	(3, 'canceled');


INSERT INTO ReservationStatus (reservationStatusCode, description) VALUES
	(1,'pending'),
	(2,'confirmed'),
	(3,'checked-in'),
	(4,'canceled'),
	(5,'checked-out');


INSERT INTO RoomCategory (roomCategoryId, description) VALUES
	(default,'1 bed room'),
	(default,'2 bed room'),
	(default,'3 bed room'),
	(default,'4 bed room'),
	(default,'5 bed room');


INSERT INTO RoomFacility (roomFacilityId, description, extraCharge) VALUES
	(default,'child bed', 10.00),
	(default,'extra bed', 15.00),
	(default,'special shower', 17.00),
	(default,'special curtains', 19.00),
	(default,'high-speed internet access', 23.00),
	(default,'jacuzzi', 144.00);


INSERT INTO RoomStatus (roomStatusCode, description) VALUES
	(1, 'occupied-cleaned'),
	(2, 'occupied-uncleaned'),
	(3, 'free-cleaned'),
	(4, 'free-uncleaned'),
	(5, 'out-of-order');


INSERT INTO Season (seasonId, description, startDate, endDate) VALUES
	(default,'winter 17/18', '2017-11-01', '2018-04-30'),
	(default,'summer 18', '2018-05-01', '2018-10-31'),
	(default,'winter 18/19', '2018-11-01', '2019-04-30'),
	(default,'summer 19', '2019-05-01', '2019-10-31');


-- Level 1
INSERT INTO CancelationCondition (cancelationConditionId, amount, percentage, daysBeforeArrival, cancelationPolicyId) VALUES
	(default,null, 50.00, 20, 1),
	(default,null, 100.00, 10, 1),
	(default,20.00, null, 30, 1),
	(default,null, 30.00, 20, 2),
	(default,null, 80.00, 10, 2),
	(default,null, 0.00, 0, 2);


INSERT INTO Contact (contactId, phone, email, fax, creditCardNumber, addressId) VALUES
	(default,'+436607079799', 'sabine.maier@hotmail.com', null, null, 1),
	(default,'+436643280412', 'p.treller@gmx.at', null, null, 2),
	(default,'+436763314090', 'claudia.mueller@gmail.com', null, null, 3),
	(default,'+436663424020', 'denise.sparr@gmx.de', null, null, 4),
	(default,'+436643483929', 'verena.lu@gmx.net', null, null, 5),
	(default, '+438188619906', 'AnnaSchwarzmann@gmx.net', null, '374283438873838', 6),
	(default, '+432202946612', 'Rob4@hotmail.com', null, '3585921431915754', 7),
	(default, '+439186045300', 'RösslerRu@gmail.com', null, '3574724075769963', 8),
	(default, '+437432528645', 'DLang@gmx.at', null, '4175002900857514', 9),
	(default, '+438145299847', 'GerhardHirsch09@gmail.com', null, '3541881864429439', 10),
	(default, '+432389263219', 'PhilWink@gmx.de', null, '561077858273247767', 11),
	(default, '+435512680556', 'HansMayer@hotmail.com', null, '3546429475456295', 12),
	(default, '+436422136103', 'HafnerSa@hotmail.com', null, '6771720924672717956', 13),
	(default, '+439994603225', 'LindaSparr@gmx.de', null, '30071414648803', 14),
	(default, '+435818572899', 'Siggi84@sciencedirect.com', null, '3586256825109360', 15),
	(default, '+433367442017', 'JoHamburg@gmx.com', null, '30015419848645', 16),
	(default, '+437263975129', 'HeinekerBarbara@hotmail.com', null, '3581035382276589', 17),
	(default, '+432361259615', 'CWieser33@gmx.com', null, '5602233614089959', 18),
	(default, '+435084076900', 'RonjaGruen93@gmail.de', null, '5602231757959897', 19),
	(default, '+435084076900', 'sdorganj@vkontakte.ru', null, '5602231757959897', 20),
	(default, '+434402160683', 'BSckittlesk@archive.org', null, '3529997114201810', 21),
	(default, '+431892210518', 'mabelll@barnesandnoble.com', null, '30403281573196', 22),
	(default, '+434418348650', 'lmerrettm@furl.net', null, '201523193657358', 23),
	(default, '+439884019917', 'wmacandrewn@hp.com', null, '3562917477181068', 24),
	(default, '+436123625028', 'oilyasovo@Dipl-Ing.erbnation.com', null, '3538397517436973', 25),
	(default, '+434773381248', 'djouannotp@example.com', null, '3587425736780523', 26),
	(default, '+435094532009', 'mhaBScteadq@unblog.fr', null, '337941148862591', 27),
	(default, '+435701787090', 'amacmoyerr@ft.com', null, '3574944808241029', 28),
	(default, '+435286805763', 'rfladgates@nydailynews.com', null, '3567575390639862', 29),
	(default, '+437919337687', 'dhaackert@dagondesign.com', null, '3556533167872961', 30),
	(default, '+439587766472', 'ccaleyu@blogger.com', null, '3564345170784822', 31),
	(default, '+432471441856', 'gfranscioniv@ustream.tv', null, '3540432011354574', 32),
	(default, '+435658925010', 'mgodboldw@com.com', null, '374622394088354', 33),
	(default, '+438393865437', 'loertzenx@mysql.com', null, '56022599912640684', 34),
	(default, '+434768319895', 'fnegaly@un.org', null, '3540839235607308', 35),
	(default, '+434812754217', 'cbollettiz@cbsnews.com', null, '6762017213929651791', 36),
	(default, '+437578389394', 'ewaycot10@theguardian.com', null, '3575353095170819', 37),
	(default, '+434075815903', 'jbuck11@naver.com', null, '5007661345659230', 38),
	(default, '+438836590542', 'lpreddy12@t-online.de', null, '30584611464394', 39),
	(default, '+437803654977', 'kcrosen13@wikipedia.org', null, '377897154014496', 40),
	(default, '+431398444478', 'twildin14@360.cn', null, '5108759912283000', 41),
	(default, '+438325046227', 'dbanasik15@sogou.com', null, '5100134526818344', 42),
	(default, '+433979731654', 'kdast16@tmall.com', null, '5641824384553631357', 43),
	(default, '+432591603337', 'medgeworth17@state.tx.us', null, '3549038693511588', 44),
	(default, '+439959738294', 'htillard18@csmonitor.com', null, '3574374504672113', 45),
	(default, '+439505405380', 'owichard19@cmu.edu', null, '5602240262055547', 46),
	(default, '+435125871285', 'sphizaclea1a@jimdo.com', null, '3588374457406406', 47),
	(default, '+433727257660', 'ushermore1b@qq.com', null, '3549723893866326', 48),
	(default, '+438859694783', 'ssemken1c@gravatar.com', null, '30198867047058', 49),
	(default, '+439859339743', 'vharrinson1d@yandex.ru', null, '5100141704991496', 50),
	(default, '+438497737355', 'cbarsam1e@webmd.com', null, '201761948903319', 51),
	(default, '+439563480649', 'jjankin1f@upenn.edu', null, '4905465352421153', 52),
	(default, '+439588570241', 'hjerzak1g@sbwire.com', null, '3551552051997853', 53),
	(default, '+432223360905', 'eloosely1h@harvard.edu', null, '564182798734423027', 54),
	(default, '+433725363556', 'nragdale1i@illinois.edu', null, '5602221891991088', 55),
	(default, '+436128999308', 'cloddy1j@weibo.com', null, '5100138076194873', 56),
	(default, '+435108132742', 'ewillimont1k@europa.eu', null, '3529266796763756', 57),
	(default, '+436279480732', 'ksantostefano1l@ucla.edu', null, '3580828917334357', 58),
	(default, '+431226653493', 'destoile1m@ucsd.edu', null, '3586596591366409', 59),
	(default, '+433959466277', 'dlettice1n@cocolog-nifty.com', null, '6372536588649400', 60),
	(default, '+435508861629', 'icorpes1o@de.vu', null, '06043729694798034', 61),
	(default, '+431646155933', 'wmowday1p@alexa.com', null, '630444138412479988', 62),
	(default, '+434807016694', 'mfranca1q@jigsy.com', null, '201692953706174', 63),
	(default, '+438069766579', 'khasel1r@example.com', null, '3550005938964118', 64),
	(default, '+436278775705', 'brable1s@mashable.com', null, '5610294461683427', 65),
	(default, '+435708599200', 'kbliben1t@posterous.com', null, '5018733528846210', 66),
	(default, '+436782081764', 'gdanielot1u@ebay.co.uk', null, '3559914957401046', 67),
	(default, '+434169838976', 'rhurche1v@mozilla.com', null, '5007668765979261', 68),
	(default, '+436528070467', 'rhugnin1w@linkedin.com', null, '3566296645974902', 69),
	(default, '+439216269814', 'bsainer1x@howstuffworks.com', null, '5007665148909817', 70),
	(default, '+4359495', 'info@omicronenergy.com', null, null, 71),
	(default, '+435578705-0', 'info@blum.com', '+435578705-44', null, 72),
	(default, '+435574604', 'dm@doppelmayr.com', null, null, 73),
	(default, '+435574601-0', 'unternehmen@vkw.at', null, null, 74);


INSERT INTO HotelServiceDescription (hotelServiceDescriptionId, description, title, priceSuggestion, isPackage, merchandiseGroupId) VALUES
	(default,'garage', 'garage', 5.00, false, 4),
	(default,'telefon', 'telefon', 0.30, false, 4),
	(default,'cafe', 'cafe', 3.50, false, 2),
	(default,'happy weekend', 'happy weekend', 3.50, true, 4),
	(default,'full board', 'full board', 30.00, false, 4),
	(default,'half board', 'half board', 20.00, false, 4),
	(default,'breakfast', 'breakfast', 5.00, false, 4),
	(default,'lemonade', 'lemonade', 5.00, false, 2),
	(default,'restaurant 10%', 'restaurant 10%', 0.00, false, 1),
	(default,'restaurant 20%', 'restaurant 20%', 0.00, false, 2),
	(default,'complete weekend for half the price', 'full board', 25.00, true, 4),
	(default,'family tariff', 'full board', 40.00, true, 4),
	(default,'0.5l bottle', 'still water', 0.50, false, 2),
	(default,'0.5l bottle', 'carbonated water', 0.50, false, 2),
	(default,'0.5l bottle', 'sprinkled apple juice', 0.50, false, 2),
	(default,'0,5l bottle', 'Ice-Tea peach', 1.00, false, 2),
	(default,'0.5l bottle', 'Coca-Cola', 1.50, false, 2);


INSERT INTO Room (roomNumber, maxPerson, roomStatusCode, roomCategoryId) VALUES
	(101, 2, 2, 2),
	(102, 2, 2, 2),
	(103, 1, 3, 1),
	(104, 2, 3, 2),
	(105, 2, 3, 2),
	(106, 3, 3, 2),
	(107, 3, 3, 2),
	(108, 3, 3, 3),
	(109, 3, 3, 3),
	(110, 4, 3, 3),
	(111, 4, 3, 3),
	(112, 4, 3, 4),
	(113, 4, 3, 4),
	(114, 5, 3, 4),
	(115, 5, 3, 4),
	(116, 5, 3, 5),
	(117, 5, 3, 5),
	(118, 5, 3, 5),
	(119, 6, 3, 5),
	(120, 6, 3, 5),
	(201, 4, 2, 3),
	(202, 3, 2, 3),
	(203, 1, 2, 1),
	(204, 5, 1, 5),
	(205, 5, 3, 5),
	(206, 4, 2, 4),
	(207, 3, 3, 3),
	(208, 2, 3, 1),
	(209, 2, 3, 1),
	(210, 2, 3, 1),
	(211, 2, 3, 1),
	(301, 3, 2, 2),
	(302, 3, 4, 3),
	(303, 1, 3, 1),
	(304, 2, 3, 2),
	(305, 2, 3, 2),
	(306, 2, 3, 2),
	(307, 3, 3, 2),
	(308, 3, 3, 2),
	(309, 3, 3, 2),
	(310, 3, 3, 2);

	
INSERT INTO RoomCategoryPrice (roomCategoryPriceId, listPrice, minimumPrice, dayPrice, costPrice, taxPercentageRate, roomCategoryId, seasonId) VALUES
	(default,85, 70, 60, 50, 10.00, 1, 1),
	(default,111, 100, 60, 50, 10.00, 1, 2),
	(default,85, 70, 60, 50, 10.00, 1, 3),
	(default,111, 100, 60, 50, 10.00, 1, 4),
	(default,95, 80, 60, 50, 10.00, 2, 1),
	(default,130, 110, 60, 50, 10.00, 2, 2),
	(default,95, 80, 60, 50, 10.00, 2, 3),
	(default,130, 110, 60, 50, 10.00, 2, 4),
	(default,95, 80, 60, 50, 12.00, 3, 1),
	(default,130, 110, 60, 50, 12.00, 3, 2),
	(default,95, 80, 60, 50, 12.00, 3, 3),
	(default,130, 110, 60, 50, 12.00, 3, 4),
	(default,95, 80, 60, 50, 12.00, 4, 1),
	(default,130, 110, 60, 50, 12.00, 4, 2),
	(default,95, 80, 60, 50, 12.00, 4, 3),
	(default,130, 110, 60, 50, 12.00, 4, 4),
	(default,95, 80, 60, 50, 15.00, 5, 1),
	(default,130, 110, 60, 50, 15.00, 5, 2),
	(default,95, 80, 60, 50, 15.00, 5, 3),
	(default,130, 110, 60, 50, 15.00, 5, 4);

-- Level 2
INSERT INTO ContactNote (contactNoteId, text, contactId) VALUES
	(default,'Very quarrelsome', 1),
	(default,'Does not like cheese', 2),
	(default,'Likes high-class things', 3),
	(default,'Very quarrelsome', 5),
	(default,'Is vegan', 3),
	(default,'Has three children', 1),
	(default,'Has birthday while his stay', 2),
	(default,'Very sociable', 4),
	(default,'Needs his silence', 2);


INSERT INTO PackageDescription (packageId, serviceId) VALUES
	(4,1),
	(4,2),
	(4,5),
	(11,5),
	(12,5);


INSERT INTO Person (personId, degree, fname, lname, dateOfBirth, sex, isVip, inArchive) VALUES
	(1, null, 'Sabine', 'Maier', '1977-04-28', 'F', false, true),
	(2, 'Dr', 'Peter', 'Treller', '1991-10-02', 'M', false, true),
	(3, null, 'Claudia', 'Müller', '1985-01-15', 'F', false, true),
	(4, 'Mag', 'Denise', 'Sparr', '1996-01-01', 'F', false, true),
	(5, 'BSc.', 'Verena', 'Luschnig', '1999-06-08', 'F', false, true),
	(6, null, 'Anna', 'Schwarzmann', '1983-06-18', 'F', false, false),
	(7, null, 'Robert', 'Reiter', '1980-12-27', 'M', false, true),
	(8, null, 'Rudolf', 'Rössler', '1978-10-11', 'M', false, false),
	(9, null, 'David', 'Lang', '1979-09-09', 'M', false, true),
	(10, 'Dr', 'Gerhard', 'Hirsch', '1990-11-11', 'M', false, false),
	(11, null, 'Philipp', 'Winkler', '1946-11-16', 'M', false, true),
	(12, 'Dipl-Ing.', 'Hans', 'Mayer', '1945-02-05', 'M', false, true),
	(13, 'Dipl-Ing.', 'Sarah', 'Hafner', '1968-01-21', 'F', false, false),
	(14, 'Dr', 'Linda', 'Sparr', '1960-04-20', 'F', false, true),
	(15, null, 'Sigrid', 'Hilde', '1952-12-15', 'F', false, true),
	(16, 'BSc', 'Johann', 'Hamburg', '1991-10-01', 'M', false, true),
	(17, null, 'Barbara', 'Heineke', '1978-07-25', 'F', false, false),
	(18, null, 'Cornelia', 'Wieser', '1983-07-22', 'F', false, false),
	(19, null, 'Ronja', 'Grün', '1984-09-22', 'F', false, true),
	(20, null, 'Shelton', 'Dorgan', '1955-03-15', 'M', false, false),
	(21, null, 'Myron', 'Skittles', '1982-06-19', 'M', false, true),
	(22, null, 'Madella', 'Abell', '1983-12-30', 'F', false, false),
	(23, 'Dipl-Ing.', 'Lori', 'Merrett', '1956-09-19', 'F', false, false),
	(24, null, 'Wilmar', 'MacAndrew', '1990-07-11', 'M', false, true),
	(25, 'Dipl-Ing.', 'Osgood', 'Ilyasov', '1990-09-20', 'M', false, true),
	(26, 'Dipl-Ing.', 'Dalton', 'Jouannot', '1988-01-18', 'M', false, true),
	(27, 'BSc', 'Margarethe', 'HaBSctead', '1965-03-02', 'F', false, true),
	(28, null, 'Adelaide', 'MacMoyer', '1958-03-04', 'F', false, true),
	(29, null, 'Riobard', 'Fladgate', '1980-06-19', 'M', false, true),
	(30, 'Dr', 'Dorise', 'Haacker', '1968-06-01', 'F', false, true),
	(31, null, 'Claudina', 'Caley', '1996-08-28', 'F', false, true),
	(32, null, 'Guillermo', 'Franscioni', '1970-05-04', 'M', false, false),
	(33, null, 'Michelina', 'Godbold', '1981-05-20', 'F', false, true),
	(34, null, 'Lucila', 'Oertzen', '1980-05-13', 'F', false, true),
	(35, null, 'Fulton', 'Negal', '2002-10-29', 'M', false, false),
	(36, null, 'Colette', 'Bolletti', '1995-11-21', 'F', false, false),
	(37, null, 'Eden', 'Waycot', '1952-08-30', 'F', false, true),
	(38, null, 'Jorge', 'Buck', '1966-10-20', 'M', false, false),
	(39, null, 'Linnet', 'Preddy', '1947-07-11', 'F', false, true),
	(40, 'Dr.', 'Kristofer', 'Crosen', '1967-12-06', 'M', false, true),
	(41, null, 'Tammara', 'Wildin', '1962-04-17', 'F', false, false),
	(42, null, 'Dodi', 'Banasik', '1981-01-15', 'F', false, true),
	(43, null, 'Kyla', 'Dast', '1958-12-29', 'F', false, true	),
	(44, null, 'Mohammed', 'Edgeworth', '1990-06-14', 'M', false, false),
	(45, null, 'Herb', 'Tillard', '1975-02-27', 'M', false, false),
	(46, null, 'Oneida', 'Wichard', '1976-10-28', 'F', false, true),
	(47, null, 'Sammy', 'Phizaclea', '1986-09-01', 'M', false, false),
	(48, 'Dr', 'Ursa', 'Shermore', '1941-06-11', 'F', false, true),
	(49, null, 'Sholom', 'Semken', '1979-08-27', 'M', false, false),
	(50, null, 'Vinny', 'Harrinson', '1973-08-31', 'F', false, true),
	(51, 'BSc', 'Clarita', 'Barsam', '1945-04-22', 'F', false, true),
	(52, null, 'June', 'Jankin', '1966-03-15', 'F', false, true),
	(53, null, 'Hanson', 'Jerzak', '1974-04-13', 'M', false, false),
	(54, 'BSc', 'Estevan', 'Loosely', '1964-02-11', 'M', false, false),
	(55, 'Dr', 'Nelson', 'Ragdale', '1952-12-24', 'M', false, false),
	(56, null, 'Clemmie', 'Loddy', '1980-05-07', 'F', false, true),
	(57, null, 'Ervin', 'Willimont', '1965-09-09', 'M', false, false),
	(58, 'Dr', 'Killy', 'Santostefano.', '1974-01-09', 'M', false, false),
	(59, null, 'Derward', 'Estoile', '1991-08-27', 'M', false, true),
	(60, 'Dipl-Ing.', 'Doll', 'Lettice', '1961-11-29', 'F', false, true),
	(61, 'Dr.', 'Isiahi', 'Corpes', '1983-12-22', 'M', false, true),
	(62, null, 'Ware', 'Mowday', '1978-10-21', 'M', false, true),
	(63, null, 'Marj', 'Franca', '1975-01-10', 'F', false, true),
	(64, null, 'Kalli', 'Hasel', '1974-10-20', 'F', false, true),
	(65, null, 'Birk', 'Rable', '1979-06-11', 'M', false, false),
	(66, null, 'Kendricks', 'Bliben', '1961-03-06', 'M', false, true),
	(67, null, 'Grange', 'Danielot', '1973-06-14', 'M', false, true),
	(68, null, 'Reinaldo', 'Hurche', '1953-04-29', 'M', false, true),
	(69, 'BSc', 'Ruben', 'Hugnin', '1976-01-09', 'M', false, false),
	(70, 'Dr', 'Benito', 'Sainer', '1950-06-18', 'M', false, false);



INSERT INTO Reservation (reservationNumber, arrivalDate, arrivalTime, departureDate, payerContactId, cancelationPolicy, reservationStatusCode) VALUES
	(default,'2018-04-04', '14:00:00', '2018-06-25',1, 1, 3),
	(default,'2018-04-04', '15:30:00', '2018-06-27',2, 1, 3),
	(default,'2018-04-10', '15:30:00', '2018-06-20',3, 1, 3),
	(default,'2018-04-13', '15:30:00', '2018-06-21',4, 1, 3),
	(default,'2018-04-16', '15:30:00', '2018-06-22',5, 2, 3),
	(default,'2018-04-18', '15:30:00', '2018-06-21',6, 2, 3),
	(default,'2018-04-18', '15:30:00', '2018-06-21',7, 1, 3),
	(default,'2018-04-21', '15:30:00', '2018-06-20',8, 1, 3),
	(default,'2018-04-28', '15:30:00', '2018-06-20',9, 2, 3),
	(default,'2018-05-01', '15:30:00', '2018-06-27',10, 1, 3),
	(default,'2018-05-17', '12:30:00', '2018-06-20',11, 1, 1),
	(default,'2018-06-01', '12:30:00', '2018-06-07',12, 2, 1),
	(default,'2018-06-02', '09:30:00', '2018-06-07',13, 1, 1),
	(default,'2018-06-02', '10:30:00', '2018-06-07',14, 1, 2),
	(default,'2018-06-02', '10:30:00', '2018-06-16',15, 1, 2),
	(default,'2018-06-02', '11:00:00', '2018-06-10',16, 1, 2),
	(default,'2018-06-03', '12:30:00', '2018-06-11',17, 1, 1),
	(default,'2018-06-03', '12:30:00', '2018-06-11',18, 2, 2),
	(default,'2018-06-03', '12:30:00', '2018-06-11',19, 2, 2),
	(default,'2018-06-04', '13:30:00', '2018-06-11',20, 2, 2),
	(default,'2018-06-04', '13:30:00', '2018-06-12',21, 1, 1),
	(default,'2018-06-05', '13:30:00', '2018-06-13',22, 1, 1),
	(default,'2018-06-05', '14:30:00', '2018-06-13',23, 1, 1),
	(default,'2018-06-07', '14:30:00', '2018-06-13',24, 2, 2),
	(default,'2018-06-07', '14:30:00', '2018-06-14',25, 2, 2),
	(default,'2018-06-13', '14:30:00', '2018-06-16',26, 1, 2),
	(default,'2018-06-14', '14:30:00', '2018-06-22',27, 2, 2),
	(default,'2018-06-22', '20:30:00', '2018-07-01',28, 1, 2),
	(default,'2018-06-27', '15:30:00', '2018-07-03',29, 2, 1),
	(default,'2018-06-30', '15:30:00', '2018-07-08',30, 1, 1),
	(default,'2018-07-04', '09:30:00', '2018-07-14',31, 2, 2),
	(default,'2018-07-06', '10:30:00', '2018-07-12',32, 2, 2),
	(default,'2018-07-07', '10:30:00', '2018-07-20',33, 1, 1),
	(default,'2018-07-16', '17:30:00', '2018-07-22',34, 2, 1);


INSERT INTO RoomRoomFacility (roomNumber, roomFacilityId) VALUES
	(301, 2),
	(201, 2);


-- Level 3
INSERT INTO Contractor (contractorId, name, uid, iban, bic, contactPersonId, contractorTypeId) VALUES
	(71,'Omicron GmbH','342345656','AT472060111122223333','DOSPAT1ABLO',1,1),
	(72,'Blum GmbH','342345657','AT472060111122223334','DOSPAT1ABLL',2,1),
	(73,'Doppelmayr AG','342345658','AT472060111122223335','DOSPAT1ABLP',3,1),
	(74,'VKW AG','342345658','AT472060111122223335','DOSPAT1ABLP',4,1);


INSERT INTO Occupancy (occupancyNumber, startDate, endDate, travelGroupId, personId, roomNumber, positionId) VALUES
	(default,'2018-03-01','2018-04-18',1,1,201,null),
	(default,'2018-03-01','2018-04-18',1,2,201,null),
	(default,'2018-03-01','2018-04-18',1,3,201,null),
	
	(default,'2018-04-18','2018-05-25',2,4,202,null),
	(default,'2018-04-18','2018-05-25',2,5,202,null),
	(default,'2018-04-18','2018-05-25',2,6,202,null),
	
	(default,'2018-04-20','2018-04-25',3,7,301,null),
	(default,'2018-04-20','2018-04-25',3,8,301,null),
	
	(default,'2018-04-15','2018-04-18',4,9,116,null),		
	(default,'2018-04-15','2018-04-18',4,10,116,null),		
	(default,'2018-04-15','2018-04-18',4,11,116,null),		
	(default,'2018-04-15','2018-04-18',4,12,116,null),		
	(default,'2018-04-15','2018-04-18',4,13,116,null),
	
	(default,'2018-05-01','2018-05-07',5,14,102,null),
	(default,'2018-05-01','2018-05-07',5,15,102,null),
	
	
	(default,'2018-05-10','2018-05-13',6,16,109,null),	
	(default,'2018-05-10','2018-05-13',6,17,109,null),
	(default,'2018-05-10','2018-05-13',6,18,109,null);


INSERT INTO PersonGroup (travelGroupId, personId) VALUES
	(1,1),
	(1,2),
	(1,3),
	
	(2,4),
	(2,5),
	(2,6),
	
	(3,7),
	(3,8),
	
	(4,9),
	(4,10),
	(4,11),
	(4,12),
	(4,13),
	
	(5,14),
	(5,15),
	
	(3,16),
	(3,17),
	(6,18);


INSERT INTO ReservationGuest (reservationNumber, personId) VALUES
	(1, 1),
	(2, 2),
	(3, 3),
	(4, 4),
	(5, 5),
	(6, 6),
	(7, 7),
	(8, 8),
	(9, 9),
	(10, 10),
	(11, 11),
	(12, 12),
	(13, 13),
	(14, 14),
	(15, 15),
	(16, 16),
	(17, 17),
	(18, 18),
	(19, 19),
	(20, 20),
	(21, 21),
	(22, 22),
	(23, 23),
	(24, 24),
	(25, 25),
	(26, 26),
	(27, 27),
	(28, 28),
	(29, 29),
	(30, 30),
	(31, 31),
	(32, 32),
	(33, 33),
	(34, 34);



INSERT INTO ReservationOption (reservationOptionId, optionDate, optionDescriptionId, optionStatusCode, reservationNumber) VALUES
	(default,'2018-03-20', 1, 1, 1),
	(default,'2018-03-26', 2, 1, 2),
	(default,'2018-04-03', 2, 1, 3),
	(default,'2018-04-06', 2, 2, 4),
	(default,'2018-04-09', 1, 2, 5),
	(default,'2018-04-11', 1, 2, 6),
	(default,'2018-04-11', 2, 2, 7),
	(default,'2018-04-10', 1, 2, 8),
	(default,'2018-04-21', 1, 1, 9),
	(default,'2018-04-17', 2, 2, 10),
	(default,'2018-05-07', 2, 2, 11),
	(default,'2018-05-01', 2, 2, 12),
	(default,'2018-05-02', 1, 1, 13),
	(default,'2018-05-02', 1, 2, 14),
	(default,'2018-05-02', 2, 1, 15),
	(default,'2018-05-03', 1, 1, 16),
	(default,'2018-05-03', 2, 2, 17),
	(default,'2018-05-06', 1, 3, 18),
	(default,'2018-05-13', 1, 3, 19),
	(default,'2018-05-13', 1, 2, 20),
	(default,'2018-05-13', 1, 1, 21),
	(default,'2018-05-13', 1, 2, 22),
	(default,'2018-05-13', 1, 2, 23),
	(default,'2018-05-13', 2, 2, 24),
	(default,'2018-05-13', 1, 2, 25),
	(default,'2018-05-13', 1, 2, 26),
	(default,'2018-05-16', 1, 2, 27),
	(default,'2018-05-16', 2, 2, 28),
	(default,'2018-05-17', 1, 2, 29),
	(default,'2018-05-17', 1, 3, 30),
	(default,'2018-05-17', 1, 1, 31),
	(default,'2018-05-18', 2, 2, 32),
	(default,'2018-05-19', 1, 2, 33),
	(default,'2018-06-17', 2, 1, 34);


-- Level 4
INSERT INTO Contract (contractNumber, startDate, endDate, document, contractorId) VALUES
(default,'2018-01-01','2018-12-31',null,71),
(default,'2017-01-01','2017-12-31',null,72);


-- Level 5
INSERT INTO ContractDetail (contractDetailId, startDate, endDate, contractNumber) VALUES
	(default,'2017-01-01','2017-12-31',2),
	(default,'2018-01-01','2018-12-31',2),
	(default,'2018-06-08','2018-12-31',2),
	(default,'2018-01-01','2018-12-31',2);


-- Level 6
INSERT INTO CreditVoucher (creditVoucherId, amount) VALUES
	(1,20.99);


INSERT INTO ContractCancelationCondition (contractCancelationConditionId, amount, percentage, daysBeforeArrival) VALUES
	(2,22.99,30,30);


INSERT INTO Discount (discountId, discountPercentage) VALUES
	(3,29.30);


INSERT INTO Quota (quotaId, numberOfNights, price, roomCategory) VALUES
	(4,10,20.50,1);


-- Level 7
INSERT INTO ReservationUnit (reservationUnitId, startDate, endDate, notes, numberPerson, price, reservationNumber, roomNumber, roomCategoryId, quotaId) VALUES
	(default,'2018-01-01', '2018-01-16', null,1, 90.00, 1, null, 1, null),
	(default,'2018-01-01', '2018-01-11', null,2, 150.00, 1, null, 2, null),
	(default,'2018-01-03', '2018-01-23', null,4, 250.00, 2, null, 4, null),
	(default,'2018-04-23', '2018-04-29', 'test note',2, 150.00, 3, null, 2, 4),
	(default,'2018-04-23', '2018-04-29', null,2, 140.00, 3, null, 2, 4),
	(default,'2018-04-23', '2018-04-29', 'test note', 1, 200.00, 3, null, 1, 4);


-- Level 8
INSERT INTO ReservationUnitHotelServiceDescription (hotelServiceDescriptionId, reservationUnitId) VALUES
	(1,1),
	(1,2),
	(11,2),
	(5,3),
	(6,4),
	(6,5),
	(7,6);


INSERT INTO ReservationUnitOccupancy (occupancyNumber, reservationUnitId) VALUES
	(1,1),
	(2,1);
